Scenario Name,Total Cost,Savings ($),Savings (%)
Base Case,9829664.815499999,0.0,0.0
Scenario A: RIF (Top 10%),8188826.236,1640838.579499999,16.692721575944557
Scenario B: Hiring Delay (<6mo),8484474.116,1345190.6994999982,13.685010880318337
